{
  "project_info": {
    "project_number": "795869284680",
    "project_id": "shiv-cables-and-services",
    "storage_bucket": "shiv-cables-and-services.appspot.com"
  },
  "client": [
    {
      "client_info": {
        "mobilesdk_app_id": "1:795869284680:android:a1cb175b6d17ddd23acb7d",
        "android_client_info": {
          "package_name": "com.example.shivcablesandservices"
        }
      },
      "oauth_client": [
        {
          "client_id": "795869284680-qqu3rm8jle6qv2811n91nlt5f3s359c1.apps.googleusercontent.com",
          "client_type": 3
        }
      ],
      "api_key": [
        {
          "current_key": "AIzaSyC3eRhz1zXwjJZkFUIho4DkXdjiR1QW1JI"
        }
      ],
      "services": {
        "appinvite_service": {
          "other_platform_oauth_client": [
            {
              "client_id": "795869284680-qqu3rm8jle6qv2811n91nlt5f3s359c1.apps.googleusercontent.com",
              "client_type": 3
            }
          ]
        }
      }
    }
  ],
  "configuration_version": "1"
}